timeStamp,elapsed,label,responseCode,responseMessage,threadName,dataType,success,failureMessage,bytes,sentBytes,grpThreads,allThreads,URL,Latency,IdleTime,Connect
1693943431662,495,HTTP Request,200,OK,Business Administrators 1-1,text,false,One or more sub-samples failed,71934,266,1,2,https://www.pavanonlinetrainings.com/,233,0,29
1693943431662,233,HTTP Request-0,301,Moved Permanently,Business Administrators 1-1,text,false,Test failed: headers expected to contain /HTTP/1.1 200 OK/,694,133,1,2,http://www.pavanonlinetrainings.com/,233,0,29
1693943431895,262,HTTP Request-1,200,OK,Business Administrators 1-1,text,true,,71240,133,1,2,https://www.pavanonlinetrainings.com/,252,0,28
1693943435654,394,HTTP Request,200,OK,Business Administrators 1-2,text,false,One or more sub-samples failed,71934,266,1,3,https://www.pavanonlinetrainings.com/,187,0,5
1693943435654,187,HTTP Request-0,301,Moved Permanently,Business Administrators 1-2,text,false,Test failed: headers expected to contain /HTTP/1.1 200 OK/,694,133,1,3,http://www.pavanonlinetrainings.com/,187,0,5
1693943435841,207,HTTP Request-1,200,OK,Business Administrators 1-2,text,true,,71240,133,1,3,https://www.pavanonlinetrainings.com/,195,0,37
1693943439652,397,HTTP Request,200,OK,Business Administrators 1-3,text,false,One or more sub-samples failed,71934,266,1,4,https://www.pavanonlinetrainings.com/,187,0,6
1693943439652,187,HTTP Request-0,301,Moved Permanently,Business Administrators 1-3,text,false,Test failed: headers expected to contain /HTTP/1.1 200 OK/,694,133,1,4,http://www.pavanonlinetrainings.com/,187,0,6
1693943439840,209,HTTP Request-1,200,OK,Business Administrators 1-3,text,true,,71240,133,1,4,https://www.pavanonlinetrainings.com/,196,0,42
1693943443653,405,HTTP Request,200,OK,Business Administrators 1-4,text,false,One or more sub-samples failed,72260,266,1,5,https://www.pavanonlinetrainings.com/,180,0,7
1693943443653,180,HTTP Request-0,301,Moved Permanently,Business Administrators 1-4,text,false,Test failed: headers expected to contain /HTTP/1.1 200 OK/,694,133,1,5,http://www.pavanonlinetrainings.com/,180,0,7
1693943443834,224,HTTP Request-1,200,OK,Business Administrators 1-4,text,true,,71566,133,1,5,https://www.pavanonlinetrainings.com/,201,0,41
1693943445128,558,HTTP Request1,200,OK,Credit Managers 2-3,text,false,Test failed: message expected not to contain /OK/,636432,1325,4,5,https://accounts.google.com/v3/signin/identifier?continue=https%3A%2F%2Fmail.google.com%2Fmail%2Fu%2F0%2F&emr=1&followup=https%3A%2F%2Fmail.google.com%2Fmail%2Fu%2F0%2F&ifkv=AXo7B7UI43_cAcIVx3tJ62RYl2VdDvimQg6DG364HQ6h-1kTvhYiQTc4LqVnMHALTaCcNX1XfbDHYA&osid=1&passive=1209600&service=mail&flowName=WebLiteSignIn&flowEntry=ServiceLogin&dsh=S-2113173252%3A1693943445839326,15,0,9
1693943445128,15,HTTP Request1-0,301,Moved Permanently,Credit Managers 2-3,text,false,Test failed: message expected to contain /Found/,606,114,4,5,http://gmail.com/,15,0,9
1693943445144,254,HTTP Request1-1,302,Moved Temporarily,Credit Managers 2-3,text,false,Test failed: message expected to contain /Found/,1252,129,4,5,https://mail.google.com/mail/u/0/,254,0,31
1693943445399,47,HTTP Request1-2,302,Found,Credit Managers 2-3,text,true,,1651,264,4,5,https://accounts.google.com/ServiceLogin?service=mail&passive=1209600&osid=1&continue=https://mail.google.com/mail/u/0/&followup=https://mail.google.com/mail/u/0/&emr=1,47,0,29
1693943445446,51,HTTP Request1-3,302,Moved Temporarily,Credit Managers 2-3,text,false,Test failed: message expected to contain /Found/,2065,352,4,5,https://accounts.google.com/InteractiveLogin?continue=https://mail.google.com/mail/u/0/&emr=1&followup=https://mail.google.com/mail/u/0/&osid=1&passive=1209600&service=mail&ifkv=AXo7B7WR0Vp4M_JxQPYD3ZnHdJMYjklgx2AJh2NmSRcpJz0NmgQlA_dGbPl6cbz1OAkIZc1TkRdUEw,51,0,0
1693943445497,189,HTTP Request1-4,200,OK,Credit Managers 2-3,text,false,Test failed: message expected to contain /Found/,630858,466,4,5,https://accounts.google.com/v3/signin/identifier?continue=https%3A%2F%2Fmail.google.com%2Fmail%2Fu%2F0%2F&emr=1&followup=https%3A%2F%2Fmail.google.com%2Fmail%2Fu%2F0%2F&ifkv=AXo7B7UI43_cAcIVx3tJ62RYl2VdDvimQg6DG364HQ6h-1kTvhYiQTc4LqVnMHALTaCcNX1XfbDHYA&osid=1&passive=1209600&service=mail&flowName=WebLiteSignIn&flowEntry=ServiceLogin&dsh=S-2113173252%3A1693943445839326,111,0,0
1693943438655,558,Transaction1,,"Number of samples in transaction : 1, number of failing samples : 1",Credit Managers 2-3,,false,,636432,1325,4,5,null,15,6474,9
1693943445687,297,HTTP Request2,200,OK,Credit Managers 2-3,text,false,Test failed: message expected not to contain /OK/,636189,1321,4,5,https://accounts.google.com/v3/signin/identifier?continue=https%3A%2F%2Fmail.google.com%2Fmail%2Fu%2F0%2F&emr=1&followup=https%3A%2F%2Fmail.google.com%2Fmail%2Fu%2F0%2F&ifkv=AXo7B7U8Uw5Wh6yClMnFAV6S0ebYm-t26Q_klMud5UT9BUkF_iUvixhUm9f9gHm7xhSDjsM-fXiE&osid=1&passive=1209600&service=mail&flowName=WebLiteSignIn&flowEntry=ServiceLogin&dsh=S-1291629337%3A1693943446130957,5,0,0
1693943445687,5,HTTP Request2-0,301,Moved Permanently,Credit Managers 2-3,text,false,Test failed: message expected to contain /Found/,606,114,4,5,http://gmail.com/,5,0,0
1693943445693,25,HTTP Request2-1,302,Moved Temporarily,Credit Managers 2-3,text,false,Test failed: message expected to contain /Found/,1252,129,4,5,https://mail.google.com/mail/u/0/,25,0,0
1693943445718,17,HTTP Request2-2,302,Found,Credit Managers 2-3,text,true,,1649,264,4,5,https://accounts.google.com/ServiceLogin?service=mail&passive=1209600&osid=1&continue=https://mail.google.com/mail/u/0/&followup=https://mail.google.com/mail/u/0/&emr=1,17,0,0
1693943445735,54,HTTP Request2-3,302,Moved Temporarily,Credit Managers 2-3,text,false,Test failed: message expected to contain /Found/,2061,350,4,5,https://accounts.google.com/InteractiveLogin?continue=https://mail.google.com/mail/u/0/&emr=1&followup=https://mail.google.com/mail/u/0/&osid=1&passive=1209600&service=mail&ifkv=AXo7B7UXR7rA3ELbToqzMHR41Lww-xbJvP8WNbWH39t442htjc11wA8PxnPehQ_kfFDTLCuRwSvK,54,0,0
1693943445789,195,HTTP Request2-4,200,OK,Credit Managers 2-3,text,false,Test failed: message expected to contain /Found/,630621,464,4,5,https://accounts.google.com/v3/signin/identifier?continue=https%3A%2F%2Fmail.google.com%2Fmail%2Fu%2F0%2F&emr=1&followup=https%3A%2F%2Fmail.google.com%2Fmail%2Fu%2F0%2F&ifkv=AXo7B7U8Uw5Wh6yClMnFAV6S0ebYm-t26Q_klMud5UT9BUkF_iUvixhUm9f9gHm7xhSDjsM-fXiE&osid=1&passive=1209600&service=mail&flowName=WebLiteSignIn&flowEntry=ServiceLogin&dsh=S-1291629337%3A1693943446130957,120,0,0
1693943445985,281,HTTP Request3,200,OK,Credit Managers 2-3,text,false,Test failed: message expected not to contain /OK/,635840,1325,4,5,https://accounts.google.com/v3/signin/identifier?continue=https%3A%2F%2Fmail.google.com%2Fmail%2Fu%2F0%2F&emr=1&followup=https%3A%2F%2Fmail.google.com%2Fmail%2Fu%2F0%2F&ifkv=AXo7B7VwPskcyW2_lLquu7uJFdOuKVLVhIHPPOCFQx4ngDGUtiRPeaMiXBQ5aPJyDeTP004bMzo_mw&osid=1&passive=1209600&service=mail&flowName=WebLiteSignIn&flowEntry=ServiceLogin&dsh=S-1677129753%3A1693943446434012,7,0,0
1693943445985,7,HTTP Request3-0,301,Moved Permanently,Credit Managers 2-3,text,false,Test failed: message expected to contain /Found/,606,114,4,5,http://gmail.com/,7,0,0
1693943445992,27,HTTP Request3-1,302,Moved Temporarily,Credit Managers 2-3,text,false,Test failed: message expected to contain /Found/,1252,129,4,5,https://mail.google.com/mail/u/0/,27,0,0
1693943446019,18,HTTP Request3-2,302,Found,Credit Managers 2-3,text,true,,1651,264,4,5,https://accounts.google.com/ServiceLogin?service=mail&passive=1209600&osid=1&continue=https://mail.google.com/mail/u/0/&followup=https://mail.google.com/mail/u/0/&emr=1,18,0,0
1693943446037,59,HTTP Request3-3,302,Moved Temporarily,Credit Managers 2-3,text,false,Test failed: message expected to contain /Found/,2065,352,4,5,https://accounts.google.com/InteractiveLogin?continue=https://mail.google.com/mail/u/0/&emr=1&followup=https://mail.google.com/mail/u/0/&osid=1&passive=1209600&service=mail&ifkv=AXo7B7WaL5sw2CoSA3EVrRLcjCdM-mINidqrfsczW0Qo1WkRHBe4sTiSvfRm8ReYgAxek-S98UhErg,59,0,0
1693943446096,170,HTTP Request3-4,200,OK,Credit Managers 2-3,text,false,Test failed: message expected to contain /Found/,630266,466,4,5,https://accounts.google.com/v3/signin/identifier?continue=https%3A%2F%2Fmail.google.com%2Fmail%2Fu%2F0%2F&emr=1&followup=https%3A%2F%2Fmail.google.com%2Fmail%2Fu%2F0%2F&ifkv=AXo7B7VwPskcyW2_lLquu7uJFdOuKVLVhIHPPOCFQx4ngDGUtiRPeaMiXBQ5aPJyDeTP004bMzo_mw&osid=1&passive=1209600&service=mail&flowName=WebLiteSignIn&flowEntry=ServiceLogin&dsh=S-1677129753%3A1693943446434012,100,0,0
1693943445687,578,Transaction2,,"Number of samples in transaction : 2, number of failing samples : 2",Credit Managers 2-3,,false,,1272029,2646,4,5,null,12,2,0
1693943447657,378,HTTP Request,200,OK,Business Administrators 1-5,text,false,One or more sub-samples failed,71934,266,1,4,https://www.pavanonlinetrainings.com/,182,0,8
1693943447657,182,HTTP Request-0,301,Moved Permanently,Business Administrators 1-5,text,false,Test failed: headers expected to contain /HTTP/1.1 200 OK/,694,133,1,4,http://www.pavanonlinetrainings.com/,182,0,8
1693943447840,195,HTTP Request-1,200,OK,Business Administrators 1-5,text,true,,71240,133,1,4,https://www.pavanonlinetrainings.com/,184,0,29
1693943451617,306,HTTP Request1,200,OK,Credit Managers 2-1,text,false,Test failed: message expected not to contain /OK/,635831,1319,4,4,https://accounts.google.com/v3/signin/identifier?continue=https%3A%2F%2Fmail.google.com%2Fmail%2Fu%2F0%2F&emr=1&followup=https%3A%2F%2Fmail.google.com%2Fmail%2Fu%2F0%2F&ifkv=AXo7B7UMzbbLDsg04cotlELLB1-yTB9Ah6o_pxBhGpj5nL0qr1UM9wJmPTu0erIn8GR5R0s_NodI&osid=1&passive=1209600&service=mail&flowName=WebLiteSignIn&flowEntry=ServiceLogin&dsh=S588105200%3A1693943452118267,11,0,5
1693943451617,11,HTTP Request1-0,301,Moved Permanently,Credit Managers 2-1,text,false,Test failed: message expected to contain /Found/,606,114,4,4,http://gmail.com/,11,0,5
1693943451629,49,HTTP Request1-1,302,Moved Temporarily,Credit Managers 2-1,text,false,Test failed: message expected to contain /Found/,1252,129,4,4,https://mail.google.com/mail/u/0/,49,0,26
1693943451678,40,HTTP Request1-2,302,Found,Credit Managers 2-1,text,true,,1649,264,4,4,https://accounts.google.com/ServiceLogin?service=mail&passive=1209600&osid=1&continue=https://mail.google.com/mail/u/0/&followup=https://mail.google.com/mail/u/0/&emr=1,40,0,26
1693943451719,58,HTTP Request1-3,302,Moved Temporarily,Credit Managers 2-1,text,false,Test failed: message expected to contain /Found/,2057,350,4,4,https://accounts.google.com/InteractiveLogin?continue=https://mail.google.com/mail/u/0/&emr=1&followup=https://mail.google.com/mail/u/0/&osid=1&passive=1209600&service=mail&ifkv=AXo7B7WDtrOYMkq7N0tIXyIcF6zOXs2FEKPlqlF7wHrwi7fx6PSUujrX094VOIvVzNG-vaGRNJT4,58,0,0
1693943451777,146,HTTP Request1-4,200,OK,Credit Managers 2-1,text,false,Test failed: message expected to contain /Found/,630267,462,4,4,https://accounts.google.com/v3/signin/identifier?continue=https%3A%2F%2Fmail.google.com%2Fmail%2Fu%2F0%2F&emr=1&followup=https%3A%2F%2Fmail.google.com%2Fmail%2Fu%2F0%2F&ifkv=AXo7B7UMzbbLDsg04cotlELLB1-yTB9Ah6o_pxBhGpj5nL0qr1UM9wJmPTu0erIn8GR5R0s_NodI&osid=1&passive=1209600&service=mail&flowName=WebLiteSignIn&flowEntry=ServiceLogin&dsh=S588105200%3A1693943452118267,86,0,0
1693943428653,306,Transaction1,,"Number of samples in transaction : 1, number of failing samples : 1",Credit Managers 2-1,,false,,635831,1319,4,4,null,11,22966,5
1693943451925,311,HTTP Request2,200,OK,Credit Managers 2-1,text,false,Test failed: message expected not to contain /OK/,636409,1324,4,4,https://accounts.google.com/v3/signin/identifier?continue=https%3A%2F%2Fmail.google.com%2Fmail%2Fu%2F0%2F&emr=1&followup=https%3A%2F%2Fmail.google.com%2Fmail%2Fu%2F0%2F&ifkv=AXo7B7VyXMvqikvbCuBhE5C58LzK7ts_JvcAhkEtIBJQXm2r6eVX2AhYjCIa3zmAOBEkkqpoYLMp3A&osid=1&passive=1209600&service=mail&flowName=WebLiteSignIn&flowEntry=ServiceLogin&dsh=S1191507729%3A1693943452358670,6,0,0
1693943451925,6,HTTP Request2-0,301,Moved Permanently,Credit Managers 2-1,text,false,Test failed: message expected to contain /Found/,606,114,4,4,http://gmail.com/,6,0,0
1693943451931,21,HTTP Request2-1,302,Moved Temporarily,Credit Managers 2-1,text,false,Test failed: message expected to contain /Found/,1252,129,4,4,https://mail.google.com/mail/u/0/,21,0,0
1693943451952,14,HTTP Request2-2,302,Found,Credit Managers 2-1,text,true,,1651,264,4,4,https://accounts.google.com/ServiceLogin?service=mail&passive=1209600&osid=1&continue=https://mail.google.com/mail/u/0/&followup=https://mail.google.com/mail/u/0/&emr=1,14,0,0
1693943451966,59,HTTP Request2-3,302,Moved Temporarily,Credit Managers 2-1,text,false,Test failed: message expected to contain /Found/,2063,352,4,4,https://accounts.google.com/InteractiveLogin?continue=https://mail.google.com/mail/u/0/&emr=1&followup=https://mail.google.com/mail/u/0/&osid=1&passive=1209600&service=mail&ifkv=AXo7B7XQ9eT5gBhjBbHQTN5n3i7TnpnjH5UK4yHt8dxQzW3mal-J4XBuVdjK220vwSNI4P6CBrqKag,59,0,0
1693943452025,211,HTTP Request2-4,200,OK,Credit Managers 2-1,text,false,Test failed: message expected to contain /Found/,630837,465,4,4,https://accounts.google.com/v3/signin/identifier?continue=https%3A%2F%2Fmail.google.com%2Fmail%2Fu%2F0%2F&emr=1&followup=https%3A%2F%2Fmail.google.com%2Fmail%2Fu%2F0%2F&ifkv=AXo7B7VyXMvqikvbCuBhE5C58LzK7ts_JvcAhkEtIBJQXm2r6eVX2AhYjCIa3zmAOBEkkqpoYLMp3A&osid=1&passive=1209600&service=mail&flowName=WebLiteSignIn&flowEntry=ServiceLogin&dsh=S1191507729%3A1693943452358670,128,0,0
1693943452237,237,HTTP Request3,200,OK,Credit Managers 2-1,text,false,Test failed: message expected not to contain /OK/,636424,1324,4,4,https://accounts.google.com/v3/signin/identifier?continue=https%3A%2F%2Fmail.google.com%2Fmail%2Fu%2F0%2F&emr=1&followup=https%3A%2F%2Fmail.google.com%2Fmail%2Fu%2F0%2F&ifkv=AXo7B7Xwh-ApFPNWmJsVlWV2gXRGdqRATPp-tdcroTEoU9YmEgkfvYyeDCAX1q2WFyrJdgmTah7rfw&osid=1&passive=1209600&service=mail&flowName=WebLiteSignIn&flowEntry=ServiceLogin&dsh=S1141724098%3A1693943452666352,5,0,0
1693943452237,5,HTTP Request3-0,301,Moved Permanently,Credit Managers 2-1,text,false,Test failed: message expected to contain /Found/,606,114,4,4,http://gmail.com/,5,0,0
1693943452243,22,HTTP Request3-1,302,Moved Temporarily,Credit Managers 2-1,text,false,Test failed: message expected to contain /Found/,1252,129,4,4,https://mail.google.com/mail/u/0/,22,0,0
1693943452266,12,HTTP Request3-2,302,Found,Credit Managers 2-1,text,true,,1651,264,4,4,https://accounts.google.com/ServiceLogin?service=mail&passive=1209600&osid=1&continue=https://mail.google.com/mail/u/0/&followup=https://mail.google.com/mail/u/0/&emr=1,12,0,0
1693943452278,43,HTTP Request3-3,302,Moved Temporarily,Credit Managers 2-1,text,false,Test failed: message expected to contain /Found/,2063,352,4,4,https://accounts.google.com/InteractiveLogin?continue=https://mail.google.com/mail/u/0/&emr=1&followup=https://mail.google.com/mail/u/0/&osid=1&passive=1209600&service=mail&ifkv=AXo7B7VfA_xwrhWrShKPgLPRSMkeDEPWM1cW0v6pJYimMKxrfidQiCoYIjAj4t5RNCGiF0U9vas5HA,43,0,0
1693943452321,153,HTTP Request3-4,200,OK,Credit Managers 2-1,text,false,Test failed: message expected to contain /Found/,630852,465,4,4,https://accounts.google.com/v3/signin/identifier?continue=https%3A%2F%2Fmail.google.com%2Fmail%2Fu%2F0%2F&emr=1&followup=https%3A%2F%2Fmail.google.com%2Fmail%2Fu%2F0%2F&ifkv=AXo7B7Xwh-ApFPNWmJsVlWV2gXRGdqRATPp-tdcroTEoU9YmEgkfvYyeDCAX1q2WFyrJdgmTah7rfw&osid=1&passive=1209600&service=mail&flowName=WebLiteSignIn&flowEntry=ServiceLogin&dsh=S1141724098%3A1693943452666352,94,0,0
1693943451925,548,Transaction2,,"Number of samples in transaction : 2, number of failing samples : 2",Credit Managers 2-1,,false,,1272833,2648,4,4,null,11,2,0
1693943457216,340,HTTP Request1,200,OK,Credit Managers 2-2,text,false,Test failed: message expected not to contain /OK/,637515,1323,4,4,https://accounts.google.com/v3/signin/identifier?continue=https%3A%2F%2Fmail.google.com%2Fmail%2Fu%2F0%2F&emr=1&followup=https%3A%2F%2Fmail.google.com%2Fmail%2Fu%2F0%2F&ifkv=AXo7B7W9ZHNeSkitC_EezqGt7Q0CaPO2iEcD_r4UvU2CAbGHckKhhWh6bn_wGtupg6KfrfGFSUZD7Q&osid=1&passive=1209600&service=mail&flowName=WebLiteSignIn&flowEntry=ServiceLogin&dsh=S-15818062%3A1693943457727873,12,0,6
1693943457216,12,HTTP Request1-0,301,Moved Permanently,Credit Managers 2-2,text,false,Test failed: message expected to contain /Found/,606,114,4,4,http://gmail.com/,12,0,6
1693943457228,57,HTTP Request1-1,302,Moved Temporarily,Credit Managers 2-2,text,false,Test failed: message expected to contain /Found/,1252,129,4,4,https://mail.google.com/mail/u/0/,57,0,28
1693943457286,42,HTTP Request1-2,302,Found,Credit Managers 2-2,text,true,,1651,264,4,4,https://accounts.google.com/ServiceLogin?service=mail&passive=1209600&osid=1&continue=https://mail.google.com/mail/u/0/&followup=https://mail.google.com/mail/u/0/&emr=1,42,0,27
1693943457329,64,HTTP Request1-3,302,Moved Temporarily,Credit Managers 2-2,text,false,Test failed: message expected to contain /Found/,2061,352,4,4,https://accounts.google.com/InteractiveLogin?continue=https://mail.google.com/mail/u/0/&emr=1&followup=https://mail.google.com/mail/u/0/&osid=1&passive=1209600&service=mail&ifkv=AXo7B7XtPUtRKU1f9ImSFxJW5fsRNvR9-l3jDeYQrJDc5CFIJSUYceiKf3_4cUC-hwShrRfw-uIGIQ,64,0,0
1693943457393,163,HTTP Request1-4,200,OK,Credit Managers 2-2,text,false,Test failed: message expected to contain /Found/,631945,464,4,4,https://accounts.google.com/v3/signin/identifier?continue=https%3A%2F%2Fmail.google.com%2Fmail%2Fu%2F0%2F&emr=1&followup=https%3A%2F%2Fmail.google.com%2Fmail%2Fu%2F0%2F&ifkv=AXo7B7W9ZHNeSkitC_EezqGt7Q0CaPO2iEcD_r4UvU2CAbGHckKhhWh6bn_wGtupg6KfrfGFSUZD7Q&osid=1&passive=1209600&service=mail&flowName=WebLiteSignIn&flowEntry=ServiceLogin&dsh=S-15818062%3A1693943457727873,88,0,0
1693943433654,340,Transaction1,,"Number of samples in transaction : 1, number of failing samples : 1",Credit Managers 2-2,,false,,637515,1323,4,4,null,12,23564,6
1693943457558,288,HTTP Request2,200,OK,Credit Managers 2-2,text,false,Test failed: message expected not to contain /OK/,636097,1322,4,4,https://accounts.google.com/v3/signin/identifier?continue=https%3A%2F%2Fmail.google.com%2Fmail%2Fu%2F0%2F&emr=1&followup=https%3A%2F%2Fmail.google.com%2Fmail%2Fu%2F0%2F&ifkv=AXo7B7UhnjbitjvU9g08mt6uM71CpR8OT5eAtnJCwK2mt_3idsd2GdnkS4R06XOwJEoGkY1FPwvj&osid=1&passive=1209600&service=mail&flowName=WebLiteSignIn&flowEntry=ServiceLogin&dsh=S2047586277%3A1693943458012160,6,0,0
1693943457558,6,HTTP Request2-0,301,Moved Permanently,Credit Managers 2-2,text,false,Test failed: message expected to contain /Found/,606,114,4,4,http://gmail.com/,6,0,0
1693943457564,28,HTTP Request2-1,302,Moved Temporarily,Credit Managers 2-2,text,false,Test failed: message expected to contain /Found/,1252,129,4,4,https://mail.google.com/mail/u/0/,28,0,0
1693943457593,26,HTTP Request2-2,302,Found,Credit Managers 2-2,text,true,,1651,264,4,4,https://accounts.google.com/ServiceLogin?service=mail&passive=1209600&osid=1&continue=https://mail.google.com/mail/u/0/&followup=https://mail.google.com/mail/u/0/&emr=1,26,0,0
1693943457619,50,HTTP Request2-3,302,Moved Temporarily,Credit Managers 2-2,text,false,Test failed: message expected to contain /Found/,2059,352,4,4,https://accounts.google.com/InteractiveLogin?continue=https://mail.google.com/mail/u/0/&emr=1&followup=https://mail.google.com/mail/u/0/&osid=1&passive=1209600&service=mail&ifkv=AXo7B7X_B1_QXOYMDoaJM4PcXTjTyH024xQh750jVzrXx0q3feftaYXQye5MGgN5AVUILX9_svnCtg,50,0,0
1693943457669,177,HTTP Request2-4,200,OK,Credit Managers 2-2,text,false,Test failed: message expected to contain /Found/,630529,463,4,4,https://accounts.google.com/v3/signin/identifier?continue=https%3A%2F%2Fmail.google.com%2Fmail%2Fu%2F0%2F&emr=1&followup=https%3A%2F%2Fmail.google.com%2Fmail%2Fu%2F0%2F&ifkv=AXo7B7UhnjbitjvU9g08mt6uM71CpR8OT5eAtnJCwK2mt_3idsd2GdnkS4R06XOwJEoGkY1FPwvj&osid=1&passive=1209600&service=mail&flowName=WebLiteSignIn&flowEntry=ServiceLogin&dsh=S2047586277%3A1693943458012160,106,0,0
1693943457847,256,HTTP Request3,200,OK,Credit Managers 2-2,text,false,Test failed: message expected not to contain /OK/,635978,1323,4,4,https://accounts.google.com/v3/signin/identifier?continue=https%3A%2F%2Fmail.google.com%2Fmail%2Fu%2F0%2F&emr=1&followup=https%3A%2F%2Fmail.google.com%2Fmail%2Fu%2F0%2F&ifkv=AXo7B7WsKultr8G4JoDK5C21x1eydepNNDaiKQ9Wo6gRShlT89nPV9Y13Umti4v1_99RwX0jZ-tcGg&osid=1&passive=1209600&service=mail&flowName=WebLiteSignIn&flowEntry=ServiceLogin&dsh=S-1777376222%3A1693943458300225,6,0,0
1693943457847,6,HTTP Request3-0,301,Moved Permanently,Credit Managers 2-2,text,false,Test failed: message expected to contain /Found/,606,114,4,4,http://gmail.com/,6,0,0
1693943457853,23,HTTP Request3-1,302,Moved Temporarily,Credit Managers 2-2,text,false,Test failed: message expected to contain /Found/,1252,129,4,4,https://mail.google.com/mail/u/0/,23,0,0
1693943457876,27,HTTP Request3-2,302,Found,Credit Managers 2-2,text,true,,1649,264,4,4,https://accounts.google.com/ServiceLogin?service=mail&passive=1209600&osid=1&continue=https://mail.google.com/mail/u/0/&followup=https://mail.google.com/mail/u/0/&emr=1,27,0,0
1693943457903,54,HTTP Request3-3,302,Moved Temporarily,Credit Managers 2-2,text,false,Test failed: message expected to contain /Found/,2065,350,4,4,https://accounts.google.com/InteractiveLogin?continue=https://mail.google.com/mail/u/0/&emr=1&followup=https://mail.google.com/mail/u/0/&osid=1&passive=1209600&service=mail&ifkv=AXo7B7W3pVfNI0QRFWVitE_vBn8Q5XBUD75tmQkqr9uBEYHvE8aVEF2qRrptS2cDLuZkcpOk4gJ0,54,0,0
1693943457958,145,HTTP Request3-4,200,OK,Credit Managers 2-2,text,false,Test failed: message expected to contain /Found/,630406,466,4,4,https://accounts.google.com/v3/signin/identifier?continue=https%3A%2F%2Fmail.google.com%2Fmail%2Fu%2F0%2F&emr=1&followup=https%3A%2F%2Fmail.google.com%2Fmail%2Fu%2F0%2F&ifkv=AXo7B7WsKultr8G4JoDK5C21x1eydepNNDaiKQ9Wo6gRShlT89nPV9Y13Umti4v1_99RwX0jZ-tcGg&osid=1&passive=1209600&service=mail&flowName=WebLiteSignIn&flowEntry=ServiceLogin&dsh=S-1777376222%3A1693943458300225,92,0,0
1693943457558,544,Transaction2,,"Number of samples in transaction : 2, number of failing samples : 2",Credit Managers 2-2,,false,,1272075,2645,4,4,null,12,2,0
1693943464920,506,HTTP Request1,200,OK,Credit Managers 2-4,text,false,Test failed: message expected not to contain /OK/,635993,1325,5,5,https://accounts.google.com/v3/signin/identifier?continue=https%3A%2F%2Fmail.google.com%2Fmail%2Fu%2F0%2F&emr=1&followup=https%3A%2F%2Fmail.google.com%2Fmail%2Fu%2F0%2F&ifkv=AXo7B7UIV3POTDozh6Mrh4g9wCgcfMtvQDXdVP1HXrtVOPqaDYuA8ovP9lzhMBtmcLxpWlSw8CBG-g&osid=1&passive=1209600&service=mail&flowName=WebLiteSignIn&flowEntry=ServiceLogin&dsh=S-1123094461%3A1693943465515424,11,0,5
1693943464920,11,HTTP Request1-0,301,Moved Permanently,Credit Managers 2-4,text,false,Test failed: message expected to contain /Found/,606,114,5,5,http://gmail.com/,11,0,5
1693943464932,146,HTTP Request1-1,302,Moved Temporarily,Credit Managers 2-4,text,false,Test failed: message expected to contain /Found/,1252,129,5,5,https://mail.google.com/mail/u/0/,146,0,31
1693943465079,41,HTTP Request1-2,302,Found,Credit Managers 2-4,text,true,,1651,264,5,5,https://accounts.google.com/ServiceLogin?service=mail&passive=1209600&osid=1&continue=https://mail.google.com/mail/u/0/&followup=https://mail.google.com/mail/u/0/&emr=1,41,0,25
1693943465121,51,HTTP Request1-3,302,Moved Temporarily,Credit Managers 2-4,text,false,Test failed: message expected to contain /Found/,2065,352,5,5,https://accounts.google.com/InteractiveLogin?continue=https://mail.google.com/mail/u/0/&emr=1&followup=https://mail.google.com/mail/u/0/&osid=1&passive=1209600&service=mail&ifkv=AXo7B7XqmXwhqZ80zSgAMQp1NVMcesyfLo3O5h7pj-Eg_Yw8ybFtf12AhV7FXqoq1DK6mVsdczaZDg,51,0,0
1693943465174,253,HTTP Request1-4,200,OK,Credit Managers 2-4,text,false,Test failed: message expected to contain /Found/,630419,466,5,5,https://accounts.google.com/v3/signin/identifier?continue=https%3A%2F%2Fmail.google.com%2Fmail%2Fu%2F0%2F&emr=1&followup=https%3A%2F%2Fmail.google.com%2Fmail%2Fu%2F0%2F&ifkv=AXo7B7UIV3POTDozh6Mrh4g9wCgcfMtvQDXdVP1HXrtVOPqaDYuA8ovP9lzhMBtmcLxpWlSw8CBG-g&osid=1&passive=1209600&service=mail&flowName=WebLiteSignIn&flowEntry=ServiceLogin&dsh=S-1123094461%3A1693943465515424,148,0,0
1693943443657,506,Transaction1,,"Number of samples in transaction : 1, number of failing samples : 1",Credit Managers 2-4,,false,,635993,1325,5,5,null,11,21264,5
1693943465427,267,HTTP Request2,200,OK,Credit Managers 2-4,text,false,Test failed: message expected not to contain /OK/,635886,1323,5,5,https://accounts.google.com/v3/signin/identifier?continue=https%3A%2F%2Fmail.google.com%2Fmail%2Fu%2F0%2F&emr=1&followup=https%3A%2F%2Fmail.google.com%2Fmail%2Fu%2F0%2F&ifkv=AXo7B7X20usWilOQhArXaigHlNBaoAf67J6Jpp7x4r5J3oPaB4xYgZ-ugSqju9tkYfe1R5o5ptWRUQ&osid=1&passive=1209600&service=mail&flowName=WebLiteSignIn&flowEntry=ServiceLogin&dsh=S134980384%3A1693943465869537,10,0,0
1693943465427,10,HTTP Request2-0,301,Moved Permanently,Credit Managers 2-4,text,false,Test failed: message expected to contain /Found/,606,114,5,5,http://gmail.com/,10,0,0
1693943465437,24,HTTP Request2-1,302,Moved Temporarily,Credit Managers 2-4,text,false,Test failed: message expected to contain /Found/,1252,129,5,5,https://mail.google.com/mail/u/0/,24,0,0
1693943465461,19,HTTP Request2-2,302,Found,Credit Managers 2-4,text,true,,1651,264,5,5,https://accounts.google.com/ServiceLogin?service=mail&passive=1209600&osid=1&continue=https://mail.google.com/mail/u/0/&followup=https://mail.google.com/mail/u/0/&emr=1,19,0,0
1693943465480,45,HTTP Request2-3,302,Moved Temporarily,Credit Managers 2-4,text,false,Test failed: message expected to contain /Found/,2061,352,5,5,https://accounts.google.com/InteractiveLogin?continue=https://mail.google.com/mail/u/0/&emr=1&followup=https://mail.google.com/mail/u/0/&osid=1&passive=1209600&service=mail&ifkv=AXo7B7WkSpXFIxAHsr_0pweoYwmsfLYKe1ZUP4YiDEn8LDp3zO_f3dNpicRxtujNbvhIhkNGpZg1qg,45,0,0
1693943465525,169,HTTP Request2-4,200,OK,Credit Managers 2-4,text,false,Test failed: message expected to contain /Found/,630316,464,5,5,https://accounts.google.com/v3/signin/identifier?continue=https%3A%2F%2Fmail.google.com%2Fmail%2Fu%2F0%2F&emr=1&followup=https%3A%2F%2Fmail.google.com%2Fmail%2Fu%2F0%2F&ifkv=AXo7B7X20usWilOQhArXaigHlNBaoAf67J6Jpp7x4r5J3oPaB4xYgZ-ugSqju9tkYfe1R5o5ptWRUQ&osid=1&passive=1209600&service=mail&flowName=WebLiteSignIn&flowEntry=ServiceLogin&dsh=S134980384%3A1693943465869537,99,0,0
1693943465695,258,HTTP Request3,200,OK,Credit Managers 2-4,text,false,Test failed: message expected not to contain /OK/,636303,1319,5,5,https://accounts.google.com/v3/signin/identifier?continue=https%3A%2F%2Fmail.google.com%2Fmail%2Fu%2F0%2F&emr=1&followup=https%3A%2F%2Fmail.google.com%2Fmail%2Fu%2F0%2F&ifkv=AXo7B7W9U8bd_2i5HE8cDw6vNVstB-mYJlpKleNelG0seRnV8pLFN73O_XDFk69Jr8czAxMWRm7j&osid=1&passive=1209600&service=mail&flowName=WebLiteSignIn&flowEntry=ServiceLogin&dsh=S671410479%3A1693943466146853,5,0,0
1693943465695,5,HTTP Request3-0,301,Moved Permanently,Credit Managers 2-4,text,false,Test failed: message expected to contain /Found/,606,114,5,5,http://gmail.com/,5,0,0
1693943465701,27,HTTP Request3-1,302,Moved Temporarily,Credit Managers 2-4,text,false,Test failed: message expected to contain /Found/,1252,129,5,5,https://mail.google.com/mail/u/0/,27,0,0
1693943465728,21,HTTP Request3-2,302,Found,Credit Managers 2-4,text,true,,1649,264,5,5,https://accounts.google.com/ServiceLogin?service=mail&passive=1209600&osid=1&continue=https://mail.google.com/mail/u/0/&followup=https://mail.google.com/mail/u/0/&emr=1,21,0,0
1693943465750,54,HTTP Request3-3,302,Moved Temporarily,Credit Managers 2-4,text,false,Test failed: message expected to contain /Found/,2057,350,5,5,https://accounts.google.com/InteractiveLogin?continue=https://mail.google.com/mail/u/0/&emr=1&followup=https://mail.google.com/mail/u/0/&osid=1&passive=1209600&service=mail&ifkv=AXo7B7Xlv6rTSayogGYB62nujGehpJqssIguQTnUOM8ru1PT5huak33fvrzXgDDxNAbaxS2mTc0p,54,0,0
1693943465804,149,HTTP Request3-4,200,OK,Credit Managers 2-4,text,false,Test failed: message expected to contain /Found/,630739,462,5,5,https://accounts.google.com/v3/signin/identifier?continue=https%3A%2F%2Fmail.google.com%2Fmail%2Fu%2F0%2F&emr=1&followup=https%3A%2F%2Fmail.google.com%2Fmail%2Fu%2F0%2F&ifkv=AXo7B7W9U8bd_2i5HE8cDw6vNVstB-mYJlpKleNelG0seRnV8pLFN73O_XDFk69Jr8czAxMWRm7j&osid=1&passive=1209600&service=mail&flowName=WebLiteSignIn&flowEntry=ServiceLogin&dsh=S671410479%3A1693943466146853,92,0,0
1693943465427,525,Transaction2,,"Number of samples in transaction : 2, number of failing samples : 2",Credit Managers 2-4,,false,,1272189,2642,5,5,null,15,2,0
1693943467905,314,HTTP Request1,200,OK,Credit Managers 2-7,text,false,Test failed: message expected not to contain /OK/,635899,1322,4,4,https://accounts.google.com/v3/signin/identifier?continue=https%3A%2F%2Fmail.google.com%2Fmail%2Fu%2F0%2F&emr=1&followup=https%3A%2F%2Fmail.google.com%2Fmail%2Fu%2F0%2F&ifkv=AXo7B7VPFhL-gKYEcdRzwkQu2jySuoaBiTT-NzEXqd44oQrfjzH1Y07f07bWI5Fpeof4uYGBfMq36A&osid=1&passive=1209600&service=mail&flowName=WebLiteSignIn&flowEntry=ServiceLogin&dsh=S84888402%3A1693943468401528,11,0,5
1693943467905,11,HTTP Request1-0,301,Moved Permanently,Credit Managers 2-7,text,false,Test failed: message expected to contain /Found/,606,114,4,4,http://gmail.com/,11,0,5
1693943467916,49,HTTP Request1-1,302,Moved Temporarily,Credit Managers 2-7,text,false,Test failed: message expected to contain /Found/,1252,129,4,4,https://mail.google.com/mail/u/0/,49,0,27
1693943467966,41,HTTP Request1-2,302,Found,Credit Managers 2-7,text,true,,1651,264,4,4,https://accounts.google.com/ServiceLogin?service=mail&passive=1209600&osid=1&continue=https://mail.google.com/mail/u/0/&followup=https://mail.google.com/mail/u/0/&emr=1,41,0,24
1693943468007,52,HTTP Request1-3,302,Moved Temporarily,Credit Managers 2-7,text,false,Test failed: message expected to contain /Found/,2059,352,4,4,https://accounts.google.com/InteractiveLogin?continue=https://mail.google.com/mail/u/0/&emr=1&followup=https://mail.google.com/mail/u/0/&osid=1&passive=1209600&service=mail&ifkv=AXo7B7VJE4YRUOafIX3lU5Wr94JD5G8p7g0L43sck7P5vECBcKWbdcB9ANWsmjar06t7JeB-QnxwmA,52,0,0
1693943468059,160,HTTP Request1-4,200,OK,Credit Managers 2-7,text,false,Test failed: message expected to contain /Found/,630331,463,4,4,https://accounts.google.com/v3/signin/identifier?continue=https%3A%2F%2Fmail.google.com%2Fmail%2Fu%2F0%2F&emr=1&followup=https%3A%2F%2Fmail.google.com%2Fmail%2Fu%2F0%2F&ifkv=AXo7B7VPFhL-gKYEcdRzwkQu2jySuoaBiTT-NzEXqd44oQrfjzH1Y07f07bWI5Fpeof4uYGBfMq36A&osid=1&passive=1209600&service=mail&flowName=WebLiteSignIn&flowEntry=ServiceLogin&dsh=S84888402%3A1693943468401528,95,0,0
1693943458654,314,Transaction1,,"Number of samples in transaction : 1, number of failing samples : 1",Credit Managers 2-7,,false,,635899,1322,4,4,null,11,9251,5
1693943468220,269,HTTP Request2,200,OK,Credit Managers 2-7,text,false,Test failed: message expected not to contain /OK/,636548,1325,4,4,https://accounts.google.com/v3/signin/identifier?continue=https%3A%2F%2Fmail.google.com%2Fmail%2Fu%2F0%2F&emr=1&followup=https%3A%2F%2Fmail.google.com%2Fmail%2Fu%2F0%2F&ifkv=AXo7B7VMPNzILX-_hMrMkLrl8puyGW_40MusuIxNQW45RuG3gSiEClQ1HcqwHe1Ls9IuF15fXxkqVw&osid=1&passive=1209600&service=mail&flowName=WebLiteSignIn&flowEntry=ServiceLogin&dsh=S-2045820907%3A1693943468661708,5,0,0
1693943468220,5,HTTP Request2-0,301,Moved Permanently,Credit Managers 2-7,text,false,Test failed: message expected to contain /Found/,606,114,4,4,http://gmail.com/,5,0,0
1693943468225,22,HTTP Request2-1,302,Moved Temporarily,Credit Managers 2-7,text,false,Test failed: message expected to contain /Found/,1252,129,4,4,https://mail.google.com/mail/u/0/,22,0,0
1693943468247,19,HTTP Request2-2,302,Found,Credit Managers 2-7,text,true,,1651,264,4,4,https://accounts.google.com/ServiceLogin?service=mail&passive=1209600&osid=1&continue=https://mail.google.com/mail/u/0/&followup=https://mail.google.com/mail/u/0/&emr=1,19,0,0
1693943468266,57,HTTP Request2-3,302,Moved Temporarily,Credit Managers 2-7,text,false,Test failed: message expected to contain /Found/,2065,352,4,4,https://accounts.google.com/InteractiveLogin?continue=https://mail.google.com/mail/u/0/&emr=1&followup=https://mail.google.com/mail/u/0/&osid=1&passive=1209600&service=mail&ifkv=AXo7B7W1Oz6DDbJCdgetwm868UHbaH6gPo04dq-AChjE5kGoTNdoutFmEmjVZGsjkFsS9afR9ht5HQ,57,0,0
1693943468323,166,HTTP Request2-4,200,OK,Credit Managers 2-7,text,false,Test failed: message expected to contain /Found/,630974,466,4,4,https://accounts.google.com/v3/signin/identifier?continue=https%3A%2F%2Fmail.google.com%2Fmail%2Fu%2F0%2F&emr=1&followup=https%3A%2F%2Fmail.google.com%2Fmail%2Fu%2F0%2F&ifkv=AXo7B7VMPNzILX-_hMrMkLrl8puyGW_40MusuIxNQW45RuG3gSiEClQ1HcqwHe1Ls9IuF15fXxkqVw&osid=1&passive=1209600&service=mail&flowName=WebLiteSignIn&flowEntry=ServiceLogin&dsh=S-2045820907%3A1693943468661708,96,0,0
1693943468489,288,HTTP Request3,200,OK,Credit Managers 2-7,text,false,Test failed: message expected not to contain /OK/,636046,1324,5,5,https://accounts.google.com/v3/signin/identifier?continue=https%3A%2F%2Fmail.google.com%2Fmail%2Fu%2F0%2F&emr=1&followup=https%3A%2F%2Fmail.google.com%2Fmail%2Fu%2F0%2F&ifkv=AXo7B7VcgTzexZAcK2EIGZRJ4OHjXLi_KQX_xa2u2ns4-zTemQbd79FLVIeqAZPKfXKnLsRVxunkug&osid=1&passive=1209600&service=mail&flowName=WebLiteSignIn&flowEntry=ServiceLogin&dsh=S1393458125%3A1693943468974341,6,0,0
1693943468489,6,HTTP Request3-0,301,Moved Permanently,Credit Managers 2-7,text,false,Test failed: message expected to contain /Found/,606,114,5,5,http://gmail.com/,6,0,0
1693943468495,73,HTTP Request3-1,302,Moved Temporarily,Credit Managers 2-7,text,false,Test failed: message expected to contain /Found/,1252,129,5,5,https://mail.google.com/mail/u/0/,73,0,0
1693943468568,15,HTTP Request3-2,302,Found,Credit Managers 2-7,text,true,,1649,264,5,5,https://accounts.google.com/ServiceLogin?service=mail&passive=1209600&osid=1&continue=https://mail.google.com/mail/u/0/&followup=https://mail.google.com/mail/u/0/&emr=1,15,0,0
1693943468583,50,HTTP Request3-3,302,Moved Temporarily,Credit Managers 2-7,text,false,Test failed: message expected to contain /Found/,2063,352,5,5,https://accounts.google.com/InteractiveLogin?continue=https://mail.google.com/mail/u/0/&emr=1&followup=https://mail.google.com/mail/u/0/&osid=1&passive=1209600&service=mail&ifkv=AXo7B7XPQajaMeYr5UXsLdgWOSr_LXQt8LHNc-LfrB1cIs952ySLXiJ7R-KfCGK-fD6wNdLLaWjUHg,50,0,0
1693943468633,144,HTTP Request3-4,200,OK,Credit Managers 2-7,text,false,Test failed: message expected to contain /Found/,630476,465,5,5,https://accounts.google.com/v3/signin/identifier?continue=https%3A%2F%2Fmail.google.com%2Fmail%2Fu%2F0%2F&emr=1&followup=https%3A%2F%2Fmail.google.com%2Fmail%2Fu%2F0%2F&ifkv=AXo7B7VcgTzexZAcK2EIGZRJ4OHjXLi_KQX_xa2u2ns4-zTemQbd79FLVIeqAZPKfXKnLsRVxunkug&osid=1&passive=1209600&service=mail&flowName=WebLiteSignIn&flowEntry=ServiceLogin&dsh=S1393458125%3A1693943468974341,85,0,0
1693943468220,557,Transaction2,,"Number of samples in transaction : 2, number of failing samples : 2",Credit Managers 2-7,,false,,1272594,2649,5,5,null,11,0,0
1693943472459,375,HTTP Request1,200,OK,Credit Managers 2-5,text,false,Test failed: message expected not to contain /OK/,635833,1325,4,4,https://accounts.google.com/v3/signin/identifier?continue=https%3A%2F%2Fmail.google.com%2Fmail%2Fu%2F0%2F&emr=1&followup=https%3A%2F%2Fmail.google.com%2Fmail%2Fu%2F0%2F&ifkv=AXo7B7WIDP4UBe2Mp2zDreZAtVkfT43A5Kz1vti0Ac5hg3uTGlw9I5ZZQ8-2Q3embVD6PXYW20Ad_A&osid=1&passive=1209600&service=mail&flowName=WebLiteSignIn&flowEntry=ServiceLogin&dsh=S-2113173252%3A1693943472960709,12,0,5
1693943472459,12,HTTP Request1-0,301,Moved Permanently,Credit Managers 2-5,text,false,Test failed: message expected to contain /Found/,606,114,4,4,http://gmail.com/,12,0,5
1693943472472,53,HTTP Request1-1,302,Moved Temporarily,Credit Managers 2-5,text,false,Test failed: message expected to contain /Found/,1252,129,4,4,https://mail.google.com/mail/u/0/,53,0,27
1693943472525,43,HTTP Request1-2,302,Found,Credit Managers 2-5,text,true,,1651,264,4,4,https://accounts.google.com/ServiceLogin?service=mail&passive=1209600&osid=1&continue=https://mail.google.com/mail/u/0/&followup=https://mail.google.com/mail/u/0/&emr=1,43,0,26
1693943472569,49,HTTP Request1-3,302,Moved Temporarily,Credit Managers 2-5,text,false,Test failed: message expected to contain /Found/,2065,352,4,4,https://accounts.google.com/InteractiveLogin?continue=https://mail.google.com/mail/u/0/&emr=1&followup=https://mail.google.com/mail/u/0/&osid=1&passive=1209600&service=mail&ifkv=AXo7B7VIkeLM9B_wp6NRL17jU1lVvgs6-iq7oTeRsePf-WIgurb6FOhe6cCGMJkMgdhkfIU5snNJug,49,0,0
1693943472619,215,HTTP Request1-4,200,OK,Credit Managers 2-5,text,false,Test failed: message expected to contain /Found/,630259,466,4,4,https://accounts.google.com/v3/signin/identifier?continue=https%3A%2F%2Fmail.google.com%2Fmail%2Fu%2F0%2F&emr=1&followup=https%3A%2F%2Fmail.google.com%2Fmail%2Fu%2F0%2F&ifkv=AXo7B7WIDP4UBe2Mp2zDreZAtVkfT43A5Kz1vti0Ac5hg3uTGlw9I5ZZQ8-2Q3embVD6PXYW20Ad_A&osid=1&passive=1209600&service=mail&flowName=WebLiteSignIn&flowEntry=ServiceLogin&dsh=S-2113173252%3A1693943472960709,130,0,0
1693943448653,375,Transaction1,,"Number of samples in transaction : 1, number of failing samples : 1",Credit Managers 2-5,,false,,635833,1325,4,4,null,12,23806,5
1693943472835,277,HTTP Request2,200,OK,Credit Managers 2-5,text,false,Test failed: message expected not to contain /OK/,635985,1322,4,4,https://accounts.google.com/v3/signin/identifier?continue=https%3A%2F%2Fmail.google.com%2Fmail%2Fu%2F0%2F&emr=1&followup=https%3A%2F%2Fmail.google.com%2Fmail%2Fu%2F0%2F&ifkv=AXo7B7XoN1E0MtqH7llgxtIRKHbUJtGqAb-0oaTKW2i1e0-76KMoktfwuwNyADeyidjnueMYTWP2_w&osid=1&passive=1209600&service=mail&flowName=WebLiteSignIn&flowEntry=ServiceLogin&dsh=S1996967726%3A1693943473273381,5,0,0
1693943472835,5,HTTP Request2-0,301,Moved Permanently,Credit Managers 2-5,text,false,Test failed: message expected to contain /Found/,606,114,4,4,http://gmail.com/,5,0,0
1693943472840,25,HTTP Request2-1,302,Moved Temporarily,Credit Managers 2-5,text,false,Test failed: message expected to contain /Found/,1252,129,4,4,https://mail.google.com/mail/u/0/,25,0,0
1693943472865,18,HTTP Request2-2,302,Found,Credit Managers 2-5,text,true,,1649,264,4,4,https://accounts.google.com/ServiceLogin?service=mail&passive=1209600&osid=1&continue=https://mail.google.com/mail/u/0/&followup=https://mail.google.com/mail/u/0/&emr=1,18,0,0
1693943472884,50,HTTP Request2-3,302,Moved Temporarily,Credit Managers 2-5,text,false,Test failed: message expected to contain /Found/,2063,350,4,4,https://accounts.google.com/InteractiveLogin?continue=https://mail.google.com/mail/u/0/&emr=1&followup=https://mail.google.com/mail/u/0/&osid=1&passive=1209600&service=mail&ifkv=AXo7B7Ve6DHb2Om_tYPznwKrlcrFofdDMM_ApxNdYXojjA0LIK8y0kCaq9AjfaK_6Mjtn4bQPxWG,50,0,0
1693943472934,178,HTTP Request2-4,200,OK,Credit Managers 2-5,text,false,Test failed: message expected to contain /Found/,630415,465,4,4,https://accounts.google.com/v3/signin/identifier?continue=https%3A%2F%2Fmail.google.com%2Fmail%2Fu%2F0%2F&emr=1&followup=https%3A%2F%2Fmail.google.com%2Fmail%2Fu%2F0%2F&ifkv=AXo7B7XoN1E0MtqH7llgxtIRKHbUJtGqAb-0oaTKW2i1e0-76KMoktfwuwNyADeyidjnueMYTWP2_w&osid=1&passive=1209600&service=mail&flowName=WebLiteSignIn&flowEntry=ServiceLogin&dsh=S1996967726%3A1693943473273381,103,0,0
1693943473112,349,HTTP Request3,200,OK,Credit Managers 2-5,text,false,Test failed: message expected not to contain /OK/,635735,1325,4,4,https://accounts.google.com/v3/signin/identifier?continue=https%3A%2F%2Fmail.google.com%2Fmail%2Fu%2F0%2F&emr=1&followup=https%3A%2F%2Fmail.google.com%2Fmail%2Fu%2F0%2F&ifkv=AXo7B7VVp8kIXEQEKdRjFW3_ZACdzSV2h2_WQvz2dqU985Jt31h-A5LCvbwsJ-SijBwbjFoDC4itRw&osid=1&passive=1209600&service=mail&flowName=WebLiteSignIn&flowEntry=ServiceLogin&dsh=S-1962871466%3A1693943473542356,6,0,0
1693943473112,6,HTTP Request3-0,301,Moved Permanently,Credit Managers 2-5,text,false,Test failed: message expected to contain /Found/,606,114,4,4,http://gmail.com/,6,0,0
1693943473118,23,HTTP Request3-1,302,Moved Temporarily,Credit Managers 2-5,text,false,Test failed: message expected to contain /Found/,1252,129,4,4,https://mail.google.com/mail/u/0/,23,0,0
1693943473141,16,HTTP Request3-2,302,Found,Credit Managers 2-5,text,true,,1651,264,4,4,https://accounts.google.com/ServiceLogin?service=mail&passive=1209600&osid=1&continue=https://mail.google.com/mail/u/0/&followup=https://mail.google.com/mail/u/0/&emr=1,16,0,0
1693943473157,35,HTTP Request3-3,302,Moved Temporarily,Credit Managers 2-5,text,false,Test failed: message expected to contain /Found/,2065,352,4,4,https://accounts.google.com/InteractiveLogin?continue=https://mail.google.com/mail/u/0/&emr=1&followup=https://mail.google.com/mail/u/0/&osid=1&passive=1209600&service=mail&ifkv=AXo7B7Vdu22AOagrPXBqm--mUYVNDsMGQDrAbK667KdcvpfilGFuH2Npssx13mykzEsg-wm9mi2yHw,35,0,0
1693943473192,269,HTTP Request3-4,200,OK,Credit Managers 2-5,text,false,Test failed: message expected to contain /Found/,630161,466,4,4,https://accounts.google.com/v3/signin/identifier?continue=https%3A%2F%2Fmail.google.com%2Fmail%2Fu%2F0%2F&emr=1&followup=https%3A%2F%2Fmail.google.com%2Fmail%2Fu%2F0%2F&ifkv=AXo7B7VVp8kIXEQEKdRjFW3_ZACdzSV2h2_WQvz2dqU985Jt31h-A5LCvbwsJ-SijBwbjFoDC4itRw&osid=1&passive=1209600&service=mail&flowName=WebLiteSignIn&flowEntry=ServiceLogin&dsh=S-1962871466%3A1693943473542356,189,0,0
1693943472834,626,Transaction2,,"Number of samples in transaction : 2, number of failing samples : 2",Credit Managers 2-5,,false,,1271720,2647,4,4,null,11,1,0
1693943473152,419,HTTP Request1,200,OK,Credit Managers 2-6,text,false,Test failed: message expected not to contain /OK/,635799,1324,3,3,https://accounts.google.com/v3/signin/identifier?continue=https%3A%2F%2Fmail.google.com%2Fmail%2Fu%2F0%2F&emr=1&followup=https%3A%2F%2Fmail.google.com%2Fmail%2Fu%2F0%2F&ifkv=AXo7B7W9bxoGql3nmoCXmT6XacBEaZ9TyWpoWk7AxBfOJW9mu0mipNCM8rdExeS6uLJIBxJ0FcBsbQ&osid=1&passive=1209600&service=mail&flowName=WebLiteSignIn&flowEntry=ServiceLogin&dsh=S1795273505%3A1693943473654010,14,0,5
1693943473152,14,HTTP Request1-0,301,Moved Permanently,Credit Managers 2-6,text,false,Test failed: message expected to contain /Found/,606,114,3,3,http://gmail.com/,14,0,5
1693943473167,54,HTTP Request1-1,302,Moved Temporarily,Credit Managers 2-6,text,false,Test failed: message expected to contain /Found/,1252,129,3,3,https://mail.google.com/mail/u/0/,54,0,27
1693943473222,41,HTTP Request1-2,302,Found,Credit Managers 2-6,text,true,,1651,264,3,3,https://accounts.google.com/ServiceLogin?service=mail&passive=1209600&osid=1&continue=https://mail.google.com/mail/u/0/&followup=https://mail.google.com/mail/u/0/&emr=1,41,0,25
1693943473263,47,HTTP Request1-3,302,Moved Temporarily,Credit Managers 2-6,text,false,Test failed: message expected to contain /Found/,2063,352,3,3,https://accounts.google.com/InteractiveLogin?continue=https://mail.google.com/mail/u/0/&emr=1&followup=https://mail.google.com/mail/u/0/&osid=1&passive=1209600&service=mail&ifkv=AXo7B7XtbhXCWqGH0gVyTP9NWMfXvEaaWjRkXpeFDeqiy0oMfJpIPyXdOrCk35Baxl_qKJPZKwlCGw,47,0,0
1693943473310,261,HTTP Request1-4,200,OK,Credit Managers 2-6,text,false,Test failed: message expected to contain /Found/,630227,465,3,3,https://accounts.google.com/v3/signin/identifier?continue=https%3A%2F%2Fmail.google.com%2Fmail%2Fu%2F0%2F&emr=1&followup=https%3A%2F%2Fmail.google.com%2Fmail%2Fu%2F0%2F&ifkv=AXo7B7W9bxoGql3nmoCXmT6XacBEaZ9TyWpoWk7AxBfOJW9mu0mipNCM8rdExeS6uLJIBxJ0FcBsbQ&osid=1&passive=1209600&service=mail&flowName=WebLiteSignIn&flowEntry=ServiceLogin&dsh=S1795273505%3A1693943473654010,117,0,0
1693943453654,419,Transaction1,,"Number of samples in transaction : 1, number of failing samples : 1",Credit Managers 2-6,,false,,635799,1324,3,3,null,14,19498,5
1693943473571,264,HTTP Request2,200,OK,Credit Managers 2-6,text,false,Test failed: message expected not to contain /OK/,637097,1322,4,4,https://accounts.google.com/v3/signin/identifier?continue=https%3A%2F%2Fmail.google.com%2Fmail%2Fu%2F0%2F&emr=1&followup=https%3A%2F%2Fmail.google.com%2Fmail%2Fu%2F0%2F&ifkv=AXo7B7XvrmRMUIHFAj_iC_YIZX4DG11xDiFtidkNX8Mv4D0k7jrC5v0lJKljUByUbQsImp1I95nK&osid=1&passive=1209600&service=mail&flowName=WebLiteSignIn&flowEntry=ServiceLogin&dsh=S1308696254%3A1693943474018433,6,0,0
1693943473571,6,HTTP Request2-0,301,Moved Permanently,Credit Managers 2-6,text,false,Test failed: message expected to contain /Found/,606,114,4,4,http://gmail.com/,6,0,0
1693943473577,23,HTTP Request2-1,302,Moved Temporarily,Credit Managers 2-6,text,false,Test failed: message expected to contain /Found/,1252,129,4,4,https://mail.google.com/mail/u/0/,23,0,0
1693943473600,21,HTTP Request2-2,302,Found,Credit Managers 2-6,text,true,,1651,264,4,4,https://accounts.google.com/ServiceLogin?service=mail&passive=1209600&osid=1&continue=https://mail.google.com/mail/u/0/&followup=https://mail.google.com/mail/u/0/&emr=1,21,0,0
1693943473621,60,HTTP Request2-3,302,Moved Temporarily,Credit Managers 2-6,text,false,Test failed: message expected to contain /Found/,2059,352,4,4,https://accounts.google.com/InteractiveLogin?continue=https://mail.google.com/mail/u/0/&emr=1&followup=https://mail.google.com/mail/u/0/&osid=1&passive=1209600&service=mail&ifkv=AXo7B7UMiNMXqk7G3NnLt2uNqbXWY12fWszqCsi123M-NtSfpBjtHNHE_vbNDsXLz-f_yBMgFE_Z5A,60,0,0
1693943473681,154,HTTP Request2-4,200,OK,Credit Managers 2-6,text,false,Test failed: message expected to contain /Found/,631529,463,4,4,https://accounts.google.com/v3/signin/identifier?continue=https%3A%2F%2Fmail.google.com%2Fmail%2Fu%2F0%2F&emr=1&followup=https%3A%2F%2Fmail.google.com%2Fmail%2Fu%2F0%2F&ifkv=AXo7B7XvrmRMUIHFAj_iC_YIZX4DG11xDiFtidkNX8Mv4D0k7jrC5v0lJKljUByUbQsImp1I95nK&osid=1&passive=1209600&service=mail&flowName=WebLiteSignIn&flowEntry=ServiceLogin&dsh=S1308696254%3A1693943474018433,85,0,0
1693943473836,245,HTTP Request3,200,OK,Credit Managers 2-6,text,false,Test failed: message expected not to contain /OK/,635649,1323,4,4,https://accounts.google.com/v3/signin/identifier?continue=https%3A%2F%2Fmail.google.com%2Fmail%2Fu%2F0%2F&emr=1&followup=https%3A%2F%2Fmail.google.com%2Fmail%2Fu%2F0%2F&ifkv=AXo7B7WH-YAfpy6MKpAEsx9dJr08m6V5qsbUFt9QMiBaOpH5hn_sw6rQokCEI29hjrHox0VhWMhfMQ&osid=1&passive=1209600&service=mail&flowName=WebLiteSignIn&flowEntry=ServiceLogin&dsh=S-1005800912%3A1693943474271225,6,0,0
1693943473836,6,HTTP Request3-0,301,Moved Permanently,Credit Managers 2-6,text,false,Test failed: message expected to contain /Found/,606,114,4,4,http://gmail.com/,6,0,0
1693943473842,22,HTTP Request3-1,302,Moved Temporarily,Credit Managers 2-6,text,false,Test failed: message expected to contain /Found/,1252,129,4,4,https://mail.google.com/mail/u/0/,22,0,0
1693943473864,14,HTTP Request3-2,302,Found,Credit Managers 2-6,text,true,,1649,264,4,4,https://accounts.google.com/ServiceLogin?service=mail&passive=1209600&osid=1&continue=https://mail.google.com/mail/u/0/&followup=https://mail.google.com/mail/u/0/&emr=1,14,0,0
1693943473878,50,HTTP Request3-3,302,Moved Temporarily,Credit Managers 2-6,text,false,Test failed: message expected to contain /Found/,2065,350,4,4,https://accounts.google.com/InteractiveLogin?continue=https://mail.google.com/mail/u/0/&emr=1&followup=https://mail.google.com/mail/u/0/&osid=1&passive=1209600&service=mail&ifkv=AXo7B7V5oSF5U_6JkUZtfpbrvy2OCg_aqqmIqHtBw7np79wMrexxmyvkMWaidaG7XmIqfi-Ht4PB,50,0,0
1693943473928,153,HTTP Request3-4,200,OK,Credit Managers 2-6,text,false,Test failed: message expected to contain /Found/,630077,466,4,4,https://accounts.google.com/v3/signin/identifier?continue=https%3A%2F%2Fmail.google.com%2Fmail%2Fu%2F0%2F&emr=1&followup=https%3A%2F%2Fmail.google.com%2Fmail%2Fu%2F0%2F&ifkv=AXo7B7WH-YAfpy6MKpAEsx9dJr08m6V5qsbUFt9QMiBaOpH5hn_sw6rQokCEI29hjrHox0VhWMhfMQ&osid=1&passive=1209600&service=mail&flowName=WebLiteSignIn&flowEntry=ServiceLogin&dsh=S-1005800912%3A1693943474271225,91,0,0
1693943473571,509,Transaction2,,"Number of samples in transaction : 2, number of failing samples : 2",Credit Managers 2-6,,false,,1272746,2645,4,4,null,12,2,0
1693943477502,418,HTTP Request1,200,OK,Credit Managers 2-9,text,false,Test failed: message expected not to contain /OK/,635991,1320,3,3,https://accounts.google.com/v3/signin/identifier?continue=https%3A%2F%2Fmail.google.com%2Fmail%2Fu%2F0%2F&emr=1&followup=https%3A%2F%2Fmail.google.com%2Fmail%2Fu%2F0%2F&ifkv=AXo7B7XiXsqzHjNTNFXOPJvPbtDH2eVrJTmXPeeyNEg7QaZYXxo0mM0Km0uVQzvuQpliAiowEcr4&osid=1&passive=1209600&service=mail&flowName=WebLiteSignIn&flowEntry=ServiceLogin&dsh=S2114555581%3A1693943478094381,20,0,14
1693943477502,20,HTTP Request1-0,301,Moved Permanently,Credit Managers 2-9,text,false,Test failed: message expected to contain /Found/,606,114,3,3,http://gmail.com/,20,0,14
1693943477523,117,HTTP Request1-1,302,Moved Temporarily,Credit Managers 2-9,text,false,Test failed: message expected to contain /Found/,1252,129,3,3,https://mail.google.com/mail/u/0/,117,0,28
1693943477640,59,HTTP Request1-2,302,Found,Credit Managers 2-9,text,true,,1649,264,3,3,https://accounts.google.com/ServiceLogin?service=mail&passive=1209600&osid=1&continue=https://mail.google.com/mail/u/0/&followup=https://mail.google.com/mail/u/0/&emr=1,59,0,30
1693943477699,55,HTTP Request1-3,302,Moved Temporarily,Credit Managers 2-9,text,false,Test failed: message expected to contain /Found/,2059,350,3,3,https://accounts.google.com/InteractiveLogin?continue=https://mail.google.com/mail/u/0/&emr=1&followup=https://mail.google.com/mail/u/0/&osid=1&passive=1209600&service=mail&ifkv=AXo7B7USuK3zJSDvw6hbJ9O0DNM4tfVx480IppTyKls_g_jBP1jGaQAOym_pLnNRvgL1fd9GhPLa,55,0,0
1693943477754,166,HTTP Request1-4,200,OK,Credit Managers 2-9,text,false,Test failed: message expected to contain /Found/,630425,463,3,3,https://accounts.google.com/v3/signin/identifier?continue=https%3A%2F%2Fmail.google.com%2Fmail%2Fu%2F0%2F&emr=1&followup=https%3A%2F%2Fmail.google.com%2Fmail%2Fu%2F0%2F&ifkv=AXo7B7XiXsqzHjNTNFXOPJvPbtDH2eVrJTmXPeeyNEg7QaZYXxo0mM0Km0uVQzvuQpliAiowEcr4&osid=1&passive=1209600&service=mail&flowName=WebLiteSignIn&flowEntry=ServiceLogin&dsh=S2114555581%3A1693943478094381,96,0,0
1693943468656,418,Transaction1,,"Number of samples in transaction : 1, number of failing samples : 1",Credit Managers 2-9,,false,,635991,1320,3,3,null,20,8846,14
1693943477921,270,HTTP Request2,200,OK,Credit Managers 2-9,text,false,Test failed: message expected not to contain /OK/,635955,1324,3,3,https://accounts.google.com/v3/signin/identifier?continue=https%3A%2F%2Fmail.google.com%2Fmail%2Fu%2F0%2F&emr=1&followup=https%3A%2F%2Fmail.google.com%2Fmail%2Fu%2F0%2F&ifkv=AXo7B7X4J4sRN0xupJGJ7ullL5YsUBAY1nlmQNM-P3ZT5WSIOG-C5CmXMYQsQF3lcYesoZB8SO85HA&osid=1&passive=1209600&service=mail&flowName=WebLiteSignIn&flowEntry=ServiceLogin&dsh=S-150186743%3A1693943478357612,5,0,0
1693943477921,5,HTTP Request2-0,301,Moved Permanently,Credit Managers 2-9,text,false,Test failed: message expected to contain /Found/,606,114,3,3,http://gmail.com/,5,0,0
1693943477926,23,HTTP Request2-1,302,Moved Temporarily,Credit Managers 2-9,text,false,Test failed: message expected to contain /Found/,1252,129,3,3,https://mail.google.com/mail/u/0/,23,0,0
1693943477949,17,HTTP Request2-2,302,Found,Credit Managers 2-9,text,true,,1651,264,3,3,https://accounts.google.com/ServiceLogin?service=mail&passive=1209600&osid=1&continue=https://mail.google.com/mail/u/0/&followup=https://mail.google.com/mail/u/0/&emr=1,17,0,0
1693943477966,47,HTTP Request2-3,302,Moved Temporarily,Credit Managers 2-9,text,false,Test failed: message expected to contain /Found/,2063,352,3,3,https://accounts.google.com/InteractiveLogin?continue=https://mail.google.com/mail/u/0/&emr=1&followup=https://mail.google.com/mail/u/0/&osid=1&passive=1209600&service=mail&ifkv=AXo7B7X5v5STiUuk39JKm1EVQL5IISIwUNWhiQ1hE3ZlJpnbpd-N84aOg24JJUYhFZoeoiuJdlxzzw,47,0,0
1693943478013,178,HTTP Request2-4,200,OK,Credit Managers 2-9,text,false,Test failed: message expected to contain /Found/,630383,465,3,3,https://accounts.google.com/v3/signin/identifier?continue=https%3A%2F%2Fmail.google.com%2Fmail%2Fu%2F0%2F&emr=1&followup=https%3A%2F%2Fmail.google.com%2Fmail%2Fu%2F0%2F&ifkv=AXo7B7X4J4sRN0xupJGJ7ullL5YsUBAY1nlmQNM-P3ZT5WSIOG-C5CmXMYQsQF3lcYesoZB8SO85HA&osid=1&passive=1209600&service=mail&flowName=WebLiteSignIn&flowEntry=ServiceLogin&dsh=S-150186743%3A1693943478357612,109,0,0
1693943478191,410,HTTP Request3,200,OK,Credit Managers 2-9,text,false,Test failed: message expected not to contain /OK/,636259,1323,3,3,https://accounts.google.com/v3/signin/identifier?continue=https%3A%2F%2Fmail.google.com%2Fmail%2Fu%2F0%2F&emr=1&followup=https%3A%2F%2Fmail.google.com%2Fmail%2Fu%2F0%2F&ifkv=AXo7B7VBU2iUZXxuz1No3OUGb_WV22MhYDOS3JuBPKwhWBA3ueVTwnk-mk6DMEoJa6pvUQvxYNtKZQ&osid=1&passive=1209600&service=mail&flowName=WebLiteSignIn&flowEntry=ServiceLogin&dsh=S638484313%3A1693943478731214,6,0,0
1693943478191,6,HTTP Request3-0,301,Moved Permanently,Credit Managers 2-9,text,false,Test failed: message expected to contain /Found/,606,114,3,3,http://gmail.com/,6,0,0
1693943478197,114,HTTP Request3-1,302,Moved Temporarily,Credit Managers 2-9,text,false,Test failed: message expected to contain /Found/,1252,129,3,3,https://mail.google.com/mail/u/0/,114,0,0
1693943478312,18,HTTP Request3-2,302,Found,Credit Managers 2-9,text,true,,1651,264,3,3,https://accounts.google.com/ServiceLogin?service=mail&passive=1209600&osid=1&continue=https://mail.google.com/mail/u/0/&followup=https://mail.google.com/mail/u/0/&emr=1,18,0,0
1693943478330,64,HTTP Request3-3,302,Moved Temporarily,Credit Managers 2-9,text,false,Test failed: message expected to contain /Found/,2061,352,3,3,https://accounts.google.com/InteractiveLogin?continue=https://mail.google.com/mail/u/0/&emr=1&followup=https://mail.google.com/mail/u/0/&osid=1&passive=1209600&service=mail&ifkv=AXo7B7UW7DTHwkX5_wR9rZz0Eqg_CBySxGV-JKLBeUQYJGN-ZpB_FJ5lrLzvZtgHT2f6l6J7v0_EnA,64,0,0
1693943478394,207,HTTP Request3-4,200,OK,Credit Managers 2-9,text,false,Test failed: message expected to contain /Found/,630689,464,3,3,https://accounts.google.com/v3/signin/identifier?continue=https%3A%2F%2Fmail.google.com%2Fmail%2Fu%2F0%2F&emr=1&followup=https%3A%2F%2Fmail.google.com%2Fmail%2Fu%2F0%2F&ifkv=AXo7B7VBU2iUZXxuz1No3OUGb_WV22MhYDOS3JuBPKwhWBA3ueVTwnk-mk6DMEoJa6pvUQvxYNtKZQ&osid=1&passive=1209600&service=mail&flowName=WebLiteSignIn&flowEntry=ServiceLogin&dsh=S638484313%3A1693943478731214,126,0,0
1693943477921,680,Transaction2,,"Number of samples in transaction : 2, number of failing samples : 2",Credit Managers 2-9,,false,,1272214,2647,3,3,null,11,1,0
1693943484552,312,HTTP Request1,200,OK,Credit Managers 2-8,text,false,Test failed: message expected not to contain /OK/,636578,1320,2,2,https://accounts.google.com/v3/signin/identifier?continue=https%3A%2F%2Fmail.google.com%2Fmail%2Fu%2F0%2F&emr=1&followup=https%3A%2F%2Fmail.google.com%2Fmail%2Fu%2F0%2F&ifkv=AXo7B7WegUer3q-1NPQbKUfKF5ULRBjnncGSEx3KQi50sxXnia3R3wHhgFTuNJ-hTcc7EFuygKSQ&osid=1&passive=1209600&service=mail&flowName=WebLiteSignIn&flowEntry=ServiceLogin&dsh=S-116907432%3A1693943485052180,12,0,5
1693943484552,12,HTTP Request1-0,301,Moved Permanently,Credit Managers 2-8,text,false,Test failed: message expected to contain /Found/,606,114,2,2,http://gmail.com/,12,0,5
1693943484565,56,HTTP Request1-1,302,Moved Temporarily,Credit Managers 2-8,text,false,Test failed: message expected to contain /Found/,1252,129,2,2,https://mail.google.com/mail/u/0/,56,0,28
1693943484622,42,HTTP Request1-2,302,Found,Credit Managers 2-8,text,true,,1649,264,2,2,https://accounts.google.com/ServiceLogin?service=mail&passive=1209600&osid=1&continue=https://mail.google.com/mail/u/0/&followup=https://mail.google.com/mail/u/0/&emr=1,42,0,26
1693943484664,43,HTTP Request1-3,302,Moved Temporarily,Credit Managers 2-8,text,false,Test failed: message expected to contain /Found/,2059,350,2,2,https://accounts.google.com/InteractiveLogin?continue=https://mail.google.com/mail/u/0/&emr=1&followup=https://mail.google.com/mail/u/0/&osid=1&passive=1209600&service=mail&ifkv=AXo7B7WFmSJpC6c0yV5DfXMMRNXwRpOh-_xGJ6Ka0aEszmgDCwF2r-qIyNUe93Bl8Z_N2Mmnl2jV,43,0,0
1693943484707,157,HTTP Request1-4,200,OK,Credit Managers 2-8,text,false,Test failed: message expected to contain /Found/,631012,463,2,2,https://accounts.google.com/v3/signin/identifier?continue=https%3A%2F%2Fmail.google.com%2Fmail%2Fu%2F0%2F&emr=1&followup=https%3A%2F%2Fmail.google.com%2Fmail%2Fu%2F0%2F&ifkv=AXo7B7WegUer3q-1NPQbKUfKF5ULRBjnncGSEx3KQi50sxXnia3R3wHhgFTuNJ-hTcc7EFuygKSQ&osid=1&passive=1209600&service=mail&flowName=WebLiteSignIn&flowEntry=ServiceLogin&dsh=S-116907432%3A1693943485052180,95,0,0
1693943463660,312,Transaction1,,"Number of samples in transaction : 1, number of failing samples : 1",Credit Managers 2-8,,false,,636578,1320,2,2,null,12,20891,5
1693943484864,1769,HTTP Request2,200,OK,Credit Managers 2-8,text,false,Test failed: message expected not to contain /OK/,635840,1324,2,2,https://accounts.google.com/v3/signin/identifier?continue=https%3A%2F%2Fmail.google.com%2Fmail%2Fu%2F0%2F&emr=1&followup=https%3A%2F%2Fmail.google.com%2Fmail%2Fu%2F0%2F&ifkv=AXo7B7VFnkgzIve6WVAAHsupWlGpM3zfI9qLLqpYsepYn6gfi6cJ1SOBklwm7y5x77qUNMIIRY8cow&osid=1&passive=1209600&service=mail&flowName=WebLiteSignIn&flowEntry=ServiceLogin&dsh=S2098118848%3A1693943486803024,6,0,0
1693943484864,6,HTTP Request2-0,301,Moved Permanently,Credit Managers 2-8,text,false,Test failed: message expected to contain /Found/,606,114,2,2,http://gmail.com/,6,0,0
1693943484870,1515,HTTP Request2-1,302,Moved Temporarily,Credit Managers 2-8,text,false,Test failed: message expected to contain /Found/,1252,129,2,2,https://mail.google.com/mail/u/0/,1515,0,0
1693943486386,25,HTTP Request2-2,302,Found,Credit Managers 2-8,text,true,,1649,264,2,2,https://accounts.google.com/ServiceLogin?service=mail&passive=1209600&osid=1&continue=https://mail.google.com/mail/u/0/&followup=https://mail.google.com/mail/u/0/&emr=1,25,0,0
1693943486411,55,HTTP Request2-3,302,Moved Temporarily,Credit Managers 2-8,text,false,Test failed: message expected to contain /Found/,2063,352,2,2,https://accounts.google.com/InteractiveLogin?continue=https://mail.google.com/mail/u/0/&emr=1&followup=https://mail.google.com/mail/u/0/&osid=1&passive=1209600&service=mail&ifkv=AXo7B7XGnPsfNYr0GzrYSijf0ShisbEup-scysSHDX_IE2R-Qoi7fQizc3G57GQEy0SZgpi8PojAgA,55,0,0
1693943486466,167,HTTP Request2-4,200,OK,Credit Managers 2-8,text,false,Test failed: message expected to contain /Found/,630270,465,2,2,https://accounts.google.com/v3/signin/identifier?continue=https%3A%2F%2Fmail.google.com%2Fmail%2Fu%2F0%2F&emr=1&followup=https%3A%2F%2Fmail.google.com%2Fmail%2Fu%2F0%2F&ifkv=AXo7B7VFnkgzIve6WVAAHsupWlGpM3zfI9qLLqpYsepYn6gfi6cJ1SOBklwm7y5x77qUNMIIRY8cow&osid=1&passive=1209600&service=mail&flowName=WebLiteSignIn&flowEntry=ServiceLogin&dsh=S2098118848%3A1693943486803024,108,0,0
1693943486634,449,HTTP Request3,200,OK,Credit Managers 2-8,text,false,Test failed: message expected not to contain /OK/,636041,1321,2,2,https://accounts.google.com/v3/signin/identifier?continue=https%3A%2F%2Fmail.google.com%2Fmail%2Fu%2F0%2F&emr=1&followup=https%3A%2F%2Fmail.google.com%2Fmail%2Fu%2F0%2F&ifkv=AXo7B7UuQgfks5NTGoC9u0Iv0tTOxXHJAgGqe5ObWg9bhwaZTwCDXi0UPSkNpVYVTqj0AKsUtFxe&osid=1&passive=1209600&service=mail&flowName=WebLiteSignIn&flowEntry=ServiceLogin&dsh=S-1626655294%3A1693943487221440,5,0,0
1693943486634,5,HTTP Request3-0,301,Moved Permanently,Credit Managers 2-8,text,false,Test failed: message expected to contain /Found/,606,114,2,2,http://gmail.com/,5,0,0
1693943486639,175,HTTP Request3-1,302,Moved Temporarily,Credit Managers 2-8,text,false,Test failed: message expected to contain /Found/,1252,129,2,2,https://mail.google.com/mail/u/0/,175,0,0
1693943486814,16,HTTP Request3-2,302,Found,Credit Managers 2-8,text,true,,1649,264,2,2,https://accounts.google.com/ServiceLogin?service=mail&passive=1209600&osid=1&continue=https://mail.google.com/mail/u/0/&followup=https://mail.google.com/mail/u/0/&emr=1,16,0,0
1693943486830,51,HTTP Request3-3,302,Moved Temporarily,Credit Managers 2-8,text,false,Test failed: message expected to contain /Found/,2059,350,2,2,https://accounts.google.com/InteractiveLogin?continue=https://mail.google.com/mail/u/0/&emr=1&followup=https://mail.google.com/mail/u/0/&osid=1&passive=1209600&service=mail&ifkv=AXo7B7W5l-hoJjpdJ61ox1kVyT9EJ1BhdQoN-TSJpOCLeAHXZROCAxOUJ8g0EA7YEIJt_HY3cOF4,51,0,0
1693943486881,202,HTTP Request3-4,200,OK,Credit Managers 2-8,text,false,Test failed: message expected to contain /Found/,630475,464,2,2,https://accounts.google.com/v3/signin/identifier?continue=https%3A%2F%2Fmail.google.com%2Fmail%2Fu%2F0%2F&emr=1&followup=https%3A%2F%2Fmail.google.com%2Fmail%2Fu%2F0%2F&ifkv=AXo7B7UuQgfks5NTGoC9u0Iv0tTOxXHJAgGqe5ObWg9bhwaZTwCDXi0UPSkNpVYVTqj0AKsUtFxe&osid=1&passive=1209600&service=mail&flowName=WebLiteSignIn&flowEntry=ServiceLogin&dsh=S-1626655294%3A1693943487221440,120,0,0
1693943484864,2218,Transaction2,,"Number of samples in transaction : 2, number of failing samples : 2",Credit Managers 2-8,,false,,1271881,2645,2,2,null,11,3,0
1693943489531,517,HTTP Request1,200,OK,Credit Managers 2-10,text,false,Test failed: message expected not to contain /OK/,635897,1321,1,1,https://accounts.google.com/v3/signin/identifier?continue=https%3A%2F%2Fmail.google.com%2Fmail%2Fu%2F0%2F&emr=1&followup=https%3A%2F%2Fmail.google.com%2Fmail%2Fu%2F0%2F&ifkv=AXo7B7Xy6NHngVVrk-jpQZ3-KNjXbYexE_BBBwhF0auASjvL-U2zgct6haHt7FglLm-hmhBYGjEO&osid=1&passive=1209600&service=mail&flowName=WebLiteSignIn&flowEntry=ServiceLogin&dsh=S-1660320651%3A1693943490197294,11,0,5
1693943489531,11,HTTP Request1-0,301,Moved Permanently,Credit Managers 2-10,text,false,Test failed: message expected to contain /Found/,606,114,1,1,http://gmail.com/,11,0,5
1693943489543,220,HTTP Request1-1,302,Moved Temporarily,Credit Managers 2-10,text,false,Test failed: message expected to contain /Found/,1252,129,1,1,https://mail.google.com/mail/u/0/,220,0,27
1693943489764,43,HTTP Request1-2,302,Found,Credit Managers 2-10,text,true,,1649,264,1,1,https://accounts.google.com/ServiceLogin?service=mail&passive=1209600&osid=1&continue=https://mail.google.com/mail/u/0/&followup=https://mail.google.com/mail/u/0/&emr=1,43,0,25
1693943489807,48,HTTP Request1-3,302,Moved Temporarily,Credit Managers 2-10,text,false,Test failed: message expected to contain /Found/,2061,350,1,1,https://accounts.google.com/InteractiveLogin?continue=https://mail.google.com/mail/u/0/&emr=1&followup=https://mail.google.com/mail/u/0/&osid=1&passive=1209600&service=mail&ifkv=AXo7B7WD78TbGegY8qAlIfwC-eYgHUebXnvDgp9mwQaJhU24N9QQgQDECbUzM503cgMlhYilyvZR,48,0,0
1693943489856,192,HTTP Request1-4,200,OK,Credit Managers 2-10,text,false,Test failed: message expected to contain /Found/,630329,464,1,1,https://accounts.google.com/v3/signin/identifier?continue=https%3A%2F%2Fmail.google.com%2Fmail%2Fu%2F0%2F&emr=1&followup=https%3A%2F%2Fmail.google.com%2Fmail%2Fu%2F0%2F&ifkv=AXo7B7Xy6NHngVVrk-jpQZ3-KNjXbYexE_BBBwhF0auASjvL-U2zgct6haHt7FglLm-hmhBYGjEO&osid=1&passive=1209600&service=mail&flowName=WebLiteSignIn&flowEntry=ServiceLogin&dsh=S-1660320651%3A1693943490197294,116,0,0
1693943473656,517,Transaction1,,"Number of samples in transaction : 1, number of failing samples : 1",Credit Managers 2-10,,false,,635897,1321,1,1,null,11,15875,5
1693943490048,290,HTTP Request2,200,OK,Credit Managers 2-10,text,false,Test failed: message expected not to contain /OK/,635878,1324,1,1,https://accounts.google.com/v3/signin/identifier?continue=https%3A%2F%2Fmail.google.com%2Fmail%2Fu%2F0%2F&emr=1&followup=https%3A%2F%2Fmail.google.com%2Fmail%2Fu%2F0%2F&ifkv=AXo7B7Wh8Yt7zZLBEn58XgIjUI9poR_HzyKOOC6JC6frGlV6vLx60J5kq05CqEqS7-9EIc8_ldS1cg&osid=1&passive=1209600&service=mail&flowName=WebLiteSignIn&flowEntry=ServiceLogin&dsh=S1393458125%3A1693943490511277,6,0,0
1693943490048,6,HTTP Request2-0,301,Moved Permanently,Credit Managers 2-10,text,false,Test failed: message expected to contain /Found/,606,114,1,1,http://gmail.com/,6,0,0
1693943490054,27,HTTP Request2-1,302,Moved Temporarily,Credit Managers 2-10,text,false,Test failed: message expected to contain /Found/,1252,129,1,1,https://mail.google.com/mail/u/0/,27,0,0
1693943490081,16,HTTP Request2-2,302,Found,Credit Managers 2-10,text,true,,1651,264,1,1,https://accounts.google.com/ServiceLogin?service=mail&passive=1209600&osid=1&continue=https://mail.google.com/mail/u/0/&followup=https://mail.google.com/mail/u/0/&emr=1,16,0,0
1693943490097,69,HTTP Request2-3,302,Moved Temporarily,Credit Managers 2-10,text,false,Test failed: message expected to contain /Found/,2063,352,1,1,https://accounts.google.com/InteractiveLogin?continue=https://mail.google.com/mail/u/0/&emr=1&followup=https://mail.google.com/mail/u/0/&osid=1&passive=1209600&service=mail&ifkv=AXo7B7VQRL3HvibOB_GsmhkfKNT7vEyBCxKEaQLrKXFNCBYHGj6brXTFpYQRSJuMvNPToOeo9Ed01w,69,0,0
1693943490166,172,HTTP Request2-4,200,OK,Credit Managers 2-10,text,false,Test failed: message expected to contain /Found/,630306,465,1,1,https://accounts.google.com/v3/signin/identifier?continue=https%3A%2F%2Fmail.google.com%2Fmail%2Fu%2F0%2F&emr=1&followup=https%3A%2F%2Fmail.google.com%2Fmail%2Fu%2F0%2F&ifkv=AXo7B7Wh8Yt7zZLBEn58XgIjUI9poR_HzyKOOC6JC6frGlV6vLx60J5kq05CqEqS7-9EIc8_ldS1cg&osid=1&passive=1209600&service=mail&flowName=WebLiteSignIn&flowEntry=ServiceLogin&dsh=S1393458125%3A1693943490511277,102,0,0
1693943490338,445,HTTP Request3,200,OK,Credit Managers 2-10,text,false,Test failed: message expected not to contain /OK/,635954,1324,1,1,https://accounts.google.com/v3/signin/identifier?continue=https%3A%2F%2Fmail.google.com%2Fmail%2Fu%2F0%2F&emr=1&followup=https%3A%2F%2Fmail.google.com%2Fmail%2Fu%2F0%2F&ifkv=AXo7B7V5uL5rLT9b0keMuSFV6kY3u4duF6VCEdFBGMQTxuwUYOQs-p7Az7bPKQ6cZL2UDeoZgEDAiw&osid=1&passive=1209600&service=mail&flowName=WebLiteSignIn&flowEntry=ServiceLogin&dsh=S1459844079%3A1693943490983578,6,0,0
1693943490338,6,HTTP Request3-0,301,Moved Permanently,Credit Managers 2-10,text,false,Test failed: message expected to contain /Found/,606,114,1,1,http://gmail.com/,6,0,0
1693943490344,225,HTTP Request3-1,302,Moved Temporarily,Credit Managers 2-10,text,false,Test failed: message expected to contain /Found/,1252,129,1,1,https://mail.google.com/mail/u/0/,225,0,0
1693943490570,20,HTTP Request3-2,302,Found,Credit Managers 2-10,text,true,,1651,264,1,1,https://accounts.google.com/ServiceLogin?service=mail&passive=1209600&osid=1&continue=https://mail.google.com/mail/u/0/&followup=https://mail.google.com/mail/u/0/&emr=1,20,0,0
1693943490590,49,HTTP Request3-3,302,Moved Temporarily,Credit Managers 2-10,text,false,Test failed: message expected to contain /Found/,2063,352,1,1,https://accounts.google.com/InteractiveLogin?continue=https://mail.google.com/mail/u/0/&emr=1&followup=https://mail.google.com/mail/u/0/&osid=1&passive=1209600&service=mail&ifkv=AXo7B7VGqfecAS0ovu8tTcIFmtNssO9xyN19sfS6ySZElLGwKzhgiYeAztvu0tzKgO67AXLjrm7LyQ,49,0,0
1693943490640,143,HTTP Request3-4,200,OK,Credit Managers 2-10,text,false,Test failed: message expected to contain /Found/,630382,465,1,1,https://accounts.google.com/v3/signin/identifier?continue=https%3A%2F%2Fmail.google.com%2Fmail%2Fu%2F0%2F&emr=1&followup=https%3A%2F%2Fmail.google.com%2Fmail%2Fu%2F0%2F&ifkv=AXo7B7V5uL5rLT9b0keMuSFV6kY3u4duF6VCEdFBGMQTxuwUYOQs-p7Az7bPKQ6cZL2UDeoZgEDAiw&osid=1&passive=1209600&service=mail&flowName=WebLiteSignIn&flowEntry=ServiceLogin&dsh=S1459844079%3A1693943490983578,86,0,0
1693943490048,735,Transaction2,,"Number of samples in transaction : 2, number of failing samples : 2",Credit Managers 2-10,,false,,1271832,2648,1,1,null,12,0,0
